{
    "timestamp": "2026-02-26T19:24:14.136463",
    "n_qubits": 2,
    "shots": 4000,
    "backend": "ibm_torino",
    "job_id": "d6g9pqi24kpc73emkvag",
    "optimization_level": 3,
    "circuits": [
        {
            "gamma_i": 0,
            "gamma_j": 1,
            "depth": 13,
            "counts": {
                "00": 2042,
                "11": 1824,
                "01": 62,
                "10": 72
            },
            "prob_ideal": [
                0.4999999999999998,
                3.0814879110195774e-33,
                3.0814879110195774e-33,
                0.4999999999999998
            ],
            "prob_real": [
                0.5105,
                0.0155,
                0.018,
                0.456
            ],
            "fidelity": 0.9657310877122537
        },
        {
            "gamma_i": 0,
            "gamma_j": 2,
            "depth": 11,
            "counts": {
                "11": 3818,
                "10": 101,
                "01": 65,
                "00": 16
            },
            "prob_ideal": [
                0.0,
                0.0,
                3.0814879110195774e-33,
                0.9999999999999996
            ],
            "prob_real": [
                0.004,
                0.01625,
                0.02525,
                0.9545
            ],
            "fidelity": 0.9544999999999996
        },
        {
            "gamma_i": 0,
            "gamma_j": 3,
            "depth": 16,
            "counts": {
                "10": 1797,
                "11": 2061,
                "01": 92,
                "00": 50
            },
            "prob_ideal": [
                0.0,
                0.0,
                0.4999999999999999,
                0.4999999999999996
            ],
            "prob_real": [
                0.0125,
                0.023,
                0.44925,
                0.51525
            ],
            "fidelity": 0.9633695927209777
        },
        {
            "gamma_i": 1,
            "gamma_j": 2,
            "depth": 14,
            "counts": {
                "01": 3831,
                "00": 71,
                "10": 35,
                "11": 63
            },
            "prob_ideal": [
                0.0,
                0.9999999999999996,
                2.4960052079258577e-31,
                0.0
            ],
            "prob_real": [
                0.01775,
                0.95775,
                0.00875,
                0.01575
            ],
            "fidelity": 0.9577499999999997
        },
        {
            "gamma_i": 1,
            "gamma_j": 3,
            "depth": 16,
            "counts": {
                "00": 1964,
                "01": 1991,
                "10": 15,
                "11": 30
            },
            "prob_ideal": [
                0.4999999999999998,
                0.4999999999999998,
                1.232595164407831e-32,
                1.232595164407831e-32
            ],
            "prob_real": [
                0.491,
                0.49775,
                0.00375,
                0.0075
            ],
            "fidelity": 0.9887384796382107
        },
        {
            "gamma_i": 2,
            "gamma_j": 3,
            "depth": 12,
            "counts": {
                "10": 1926,
                "11": 1982,
                "01": 62,
                "00": 30
            },
            "prob_ideal": [
                0.0,
                0.0,
                0.4999999999999996,
                0.4999999999999998
            ],
            "prob_real": [
                0.0075,
                0.0155,
                0.4815,
                0.4955
            ],
            "fidelity": 0.9769498438939247
        }
    ]
}