{
    "timestamp": "2026-02-26T18:59:13.649979",
    "n_qubits": 2,
    "shots": 4000,
    "backend": "ibm_torino",
    "job_id": "d6g9f18j9bds73cnv350",
    "optimization_level": 3,
    "circuits": [
        {
            "gamma_i": 0,
            "gamma_j": 1,
            "depth": 13,
            "counts": {
                "11": 1834,
                "00": 2042,
                "10": 63,
                "01": 61
            },
            "prob_ideal": [
                0.4999999999999998,
                3.0814879110195774e-33,
                3.0814879110195774e-33,
                0.4999999999999998
            ],
            "prob_real": [
                0.5105,
                0.01525,
                0.01575,
                0.4585
            ],
            "fidelity": 0.9683018706040724
        },
        {
            "gamma_i": 0,
            "gamma_j": 2,
            "depth": 11,
            "counts": {
                "11": 3817,
                "10": 98,
                "00": 20,
                "01": 65
            },
            "prob_ideal": [
                0.0,
                0.0,
                3.0814879110195774e-33,
                0.9999999999999996
            ],
            "prob_real": [
                0.005,
                0.01625,
                0.0245,
                0.95425
            ],
            "fidelity": 0.9542499999999997
        },
        {
            "gamma_i": 0,
            "gamma_j": 3,
            "depth": 16,
            "counts": {
                "10": 1830,
                "11": 2026,
                "00": 60,
                "01": 84
            },
            "prob_ideal": [
                0.0,
                0.0,
                0.4999999999999999,
                0.4999999999999996
            ],
            "prob_real": [
                0.015,
                0.021,
                0.4575,
                0.5065
            ],
            "fidelity": 0.9633769313126663
        },
        {
            "gamma_i": 1,
            "gamma_j": 2,
            "depth": 14,
            "counts": {
                "01": 3823,
                "11": 70,
                "10": 32,
                "00": 75
            },
            "prob_ideal": [
                0.0,
                0.9999999999999996,
                2.4960052079258577e-31,
                0.0
            ],
            "prob_real": [
                0.01875,
                0.95575,
                0.008,
                0.0175
            ],
            "fidelity": 0.9557499999999995
        },
        {
            "gamma_i": 1,
            "gamma_j": 3,
            "depth": 16,
            "counts": {
                "01": 1977,
                "00": 1964,
                "11": 26,
                "10": 33
            },
            "prob_ideal": [
                0.4999999999999998,
                0.4999999999999998,
                1.232595164407831e-32,
                1.232595164407831e-32
            ],
            "prob_real": [
                0.491,
                0.49425,
                0.00825,
                0.0065
            ],
            "fidelity": 0.9852473198353882
        },
        {
            "gamma_i": 2,
            "gamma_j": 3,
            "depth": 12,
            "counts": {
                "11": 1914,
                "10": 2009,
                "01": 42,
                "00": 35
            },
            "prob_ideal": [
                0.0,
                0.0,
                0.4999999999999996,
                0.4999999999999998
            ],
            "prob_real": [
                0.00875,
                0.0105,
                0.50225,
                0.4785
            ],
            "fidelity": 0.9806061954578157
        }
    ]
}